Id,Label
test_0001,0
test_0002,0
test_0003,0
test_0004,0
test_0005,0
test_0006,0
test_0007,0
test_0008,0
test_0009,0
test_0010,0
test_0011,0
test_0012,0
test_0013,0
test_0014,0
test_0015,0
test_0016,0
test_0017,0
test_0018,0
test_0019,0
test_0020,0
test_0021,0
test_0022,0
test_0023,0
test_0024,0
test_0025,0
test_0026,0
test_0027,0
test_0028,0
test_0029,0
test_0030,0
test_0031,0
test_0032,0
test_0033,0
test_0034,0
test_0035,0
test_0036,0
test_0037,0
test_0038,0
test_0039,0
test_0040,0
test_0041,0
test_0042,0
test_0043,0
test_0044,0
test_0045,0
test_0046,0
test_0047,0
test_0048,0
test_0049,0
test_0050,0
test_0051,0
test_0052,0
test_0053,0
test_0054,0
test_0055,0
test_0056,0
test_0057,0
test_0058,0
test_0059,0
test_0060,0
test_0061,0
test_0062,0
test_0063,0
test_0064,0
test_0065,0
test_0066,0
test_0067,0
test_0068,0
test_0069,0
test_0070,0
test_0071,0
test_0072,0
test_0073,0
test_0074,0
test_0075,0
test_0076,0
test_0077,0
test_0078,0
test_0079,0
test_0080,0
test_0081,0
test_0082,0
test_0083,0
test_0084,0
test_0085,0
test_0086,0
test_0087,0
test_0088,0
test_0089,0
test_0090,0
test_0091,0
test_0092,0
test_0093,0
test_0094,0
test_0095,0
test_0096,0
test_0097,0
test_0098,0
test_0099,0
test_0100,0
test_0101,0
test_0102,0
test_0103,0
test_0104,0
test_0105,0
test_0106,0
test_0107,0
test_0108,0
test_0109,0
test_0110,0
test_0111,0
test_0112,0
test_0113,0
test_0114,0
test_0115,0
test_0116,0
test_0117,0
test_0118,0
test_0119,0
test_0120,0
test_0121,0
test_0122,0
test_0123,0
test_0124,0
test_0125,0
test_0126,0
test_0127,0
test_0128,0
test_0129,0
test_0130,0
test_0131,0
test_0132,0
test_0133,0
test_0134,0
test_0135,0
test_0136,0
test_0137,0
test_0138,0
test_0139,0
test_0140,0
test_0141,0
test_0142,0
test_0143,0
test_0144,0
test_0145,0
test_0146,0
test_0147,0
test_0148,0
test_0149,0
test_0150,0
test_0151,0
test_0152,0
test_0153,0
test_0154,0
test_0155,0
test_0156,0
test_0157,0
test_0158,0
test_0159,0
test_0160,0
test_0161,0
test_0162,0
test_0163,0
test_0164,0
test_0165,0
test_0166,0
test_0167,0
test_0168,0
test_0169,0
test_0170,0
test_0171,0
test_0172,0
test_0173,0
test_0174,0
test_0175,0
test_0176,0
test_0177,0
test_0178,0
test_0179,0
test_0180,0
test_0181,0
test_0182,0
test_0183,0
test_0184,0
test_0185,0
test_0186,0
test_0187,0
test_0188,0
test_0189,0
test_0190,0
test_0191,0
test_0192,0
test_0193,0
test_0194,0
test_0195,0
test_0196,0
test_0197,0
test_0198,0
test_0199,0
test_0200,0
test_0201,0
test_0202,0
test_0203,0
test_0204,0
test_0205,0
test_0206,0
test_0207,0
test_0208,0
test_0209,0
test_0210,0
test_0211,0
test_0212,0
test_0213,0
test_0214,0
test_0215,0
test_0216,0
test_0217,0
test_0218,0
test_0219,0
test_0220,0
test_0221,0
test_0222,0
test_0223,0
test_0224,0
test_0225,0
test_0226,0
test_0227,0
test_0228,0
test_0229,0
test_0230,0
test_0231,0
test_0232,0
test_0233,0
test_0234,0
test_0235,0
test_0236,0
test_0237,0
test_0238,0
test_0239,0
test_0240,0
test_0241,0
test_0242,0
test_0243,0
test_0244,0
test_0245,0
test_0246,0
test_0247,0
test_0248,0
test_0249,0
test_0250,0
test_0251,0
test_0252,0
test_0253,0
test_0254,0
test_0255,0
test_0256,0
test_0257,0
test_0258,0
test_0259,0
test_0260,0
test_0261,0
test_0262,0
test_0263,0
test_0264,0
test_0265,0
test_0266,0
test_0267,0
test_0268,0
test_0269,0
test_0270,0
test_0271,0
test_0272,0
test_0273,0
test_0274,0
test_0275,0
test_0276,0
test_0277,0
test_0278,0
test_0279,0
test_0280,0
test_0281,0
test_0282,0
test_0283,0
test_0284,0
test_0285,0
test_0286,0
test_0287,0
test_0288,0
test_0289,0
test_0290,0
test_0291,0
test_0292,0
test_0293,0
test_0294,0
test_0295,0
test_0296,0
test_0297,0
test_0298,0
test_0299,0
test_0300,0
test_0301,0
test_0302,0
test_0303,0
test_0304,0
test_0305,0
test_0306,0
test_0307,0
test_0308,0
test_0309,0
test_0310,0
test_0311,0
test_0312,0
test_0313,0
test_0314,0
test_0315,0
test_0316,0
test_0317,0
test_0318,0
test_0319,0
test_0320,0
test_0321,0
test_0322,0
test_0323,0
test_0324,0
test_0325,0
test_0326,0
test_0327,0
test_0328,0
test_0329,0
test_0330,0
test_0331,0
test_0332,0
test_0333,0
test_0334,0
test_0335,0
test_0336,0
test_0337,0
test_0338,0
test_0339,0
test_0340,0
test_0341,0
test_0342,0
test_0343,0
test_0344,0
test_0345,0
test_0346,0
test_0347,0
test_0348,0
test_0349,0
test_0350,0
test_0351,0
test_0352,0
test_0353,0
test_0354,0
test_0355,0
test_0356,0
test_0357,0
test_0358,0
test_0359,0
test_0360,0
test_0361,0
test_0362,0
test_0363,0
test_0364,0
test_0365,0
test_0366,0
test_0367,0
test_0368,0
test_0369,0
test_0370,0
test_0371,0
test_0372,0
test_0373,0
test_0374,0
test_0375,0
test_0376,0
test_0377,0
test_0378,0
test_0379,0
test_0380,0
test_0381,0
test_0382,0
test_0383,0
test_0384,0
test_0385,0
test_0386,0
test_0387,0
test_0388,0
test_0389,0
test_0390,0
test_0391,0
test_0392,0
test_0393,0
test_0394,0
test_0395,0
test_0396,0
test_0397,0
test_0398,0
test_0399,0
test_0400,0
test_0401,0
test_0402,0
test_0403,0
test_0404,0
test_0405,0
test_0406,0
test_0407,0
test_0408,0
test_0409,0
test_0410,0
test_0411,0
test_0412,0
test_0413,0
test_0414,0
test_0415,0
test_0416,0
test_0417,0
test_0418,0
test_0419,0
test_0420,0
test_0421,0
test_0422,0
test_0423,0
test_0424,0
test_0425,0
test_0426,0
test_0427,0
test_0428,0
test_0429,0
test_0430,0
test_0431,0
test_0432,0
test_0433,0
test_0434,0
test_0435,0
test_0436,0
test_0437,0
test_0438,0
test_0439,0
test_0440,0
test_0441,0
test_0442,0
test_0443,0
test_0444,0
test_0445,0
test_0446,0
test_0447,0
test_0448,0
test_0449,0
test_0450,0
test_0451,0
test_0452,0
test_0453,0
test_0454,0
test_0455,0
test_0456,0
test_0457,0
test_0458,0
test_0459,0
test_0460,0
test_0461,0
test_0462,0
test_0463,0
test_0464,0
test_0465,0
test_0466,0
test_0467,0
test_0468,0
test_0469,0
test_0470,0
test_0471,0
test_0472,0
test_0473,0
test_0474,0
test_0475,0
test_0476,0
test_0477,0
test_0478,0
test_0479,0
test_0480,0
test_0481,0
test_0482,0
test_0483,0
test_0484,0
test_0485,0
test_0486,0
test_0487,0
test_0488,0
test_0489,0
test_0490,0
test_0491,0
test_0492,0
test_0493,0
test_0494,0
test_0495,0
test_0496,0
test_0497,0
test_0498,0
test_0499,0
test_0500,0
test_0501,0
test_0502,0
test_0503,0
test_0504,0
test_0505,0
test_0506,0
test_0507,0
test_0508,0
test_0509,0
test_0510,0
test_0511,0
test_0512,0
test_0513,0
test_0514,0
test_0515,0
test_0516,0
test_0517,0
test_0518,0
test_0519,0
test_0520,0
test_0521,0
test_0522,0
test_0523,0
test_0524,0
test_0525,0
test_0526,0
test_0527,0
test_0528,0
test_0529,0
test_0530,0
test_0531,0
test_0532,0
test_0533,0
test_0534,0
test_0535,0
test_0536,0
test_0537,0
test_0538,0
test_0539,0
test_0540,0
test_0541,0
test_0542,0
test_0543,0
test_0544,0
test_0545,0
test_0546,0
test_0547,0
test_0548,0
test_0549,0
test_0550,0
test_0551,0
test_0552,0
test_0553,0
test_0554,0
test_0555,0
test_0556,0
test_0557,0
test_0558,0
test_0559,0
test_0560,0
test_0561,0
test_0562,0
test_0563,0
test_0564,0
test_0565,0
test_0566,0
test_0567,0
test_0568,0
test_0569,0
test_0570,0
test_0571,0
test_0572,0
test_0573,0
test_0574,0
test_0575,0
test_0576,0
test_0577,0
test_0578,0
test_0579,0
test_0580,0
test_0581,0
test_0582,0
test_0583,0
test_0584,0
test_0585,0
test_0586,0
test_0587,0
test_0588,0
test_0589,0
test_0590,0
test_0591,0
test_0592,0
test_0593,0
test_0594,0
test_0595,0
test_0596,0
test_0597,0
test_0598,0
test_0599,0
test_0600,0
test_0601,0
test_0602,0
test_0603,0
test_0604,0
test_0605,0
test_0606,0
test_0607,0
test_0608,0
test_0609,0
test_0610,0
test_0611,0
test_0612,0
test_0613,0
test_0614,0
test_0615,0
test_0616,0
test_0617,0
test_0618,0
test_0619,0
test_0620,0
test_0621,0
test_0622,0
test_0623,0
test_0624,0
